k,avg_LLMJudge,avg_BERT_precision,avg_BERT_recall,avg_BERT_f1
6,0.87,0.672910729847332,0.7613841997514857,0.7138441376166769
