k,average_Recall,average_Precision
1,0.625,0.75
3,0.875,0.3333333333333333
5,0.875,0.2
7,0.875,0.14285714285714285
